{
  "mse": 0.0001285397302126512,
  "mae": 0.008723805658519268,
  "max_error": 0.09293079376220703,
  "rel_error": 17380.041015625,
  "num_test_samples": 100000,
  "timestamp": "2025-08-03"
}