{
  "MSE": 0.8441040687710046,
  "MAE": 0.7238542998284101,
  "Max_Error": 3.8415427207946777,
  "Relative_Error": 608656.7910503185,
  "config": {
    "// \u901a\u7528PDE\u7b97\u5b50\u914d\u7f6e\u6587\u4ef6": "config_PDE.json",
    "// \u652f\u6301\u7684\u7b97\u5b50\u7c7b\u578b": [
      "Diffusion",
      "Advection",
      "Custom"
    ],
    "// \u6570\u636e\u751f\u6210\u53c2\u6570": "",
    "num_train": 100,
    "num_test": 100,
    "num_sensors": 100,
    "train_sample_num": 100,
    "test_sample_num": 1000,
    "length_scale": 0.2,
    "num_cal": 1000,
    "// \u6a21\u578b\u53c2\u6570": "",
    "branch_input_size": 100,
    "trunk_input_size": 2,
    "output_size": 1,
    "num_qubits": 5,
    "net_size": [
      40,
      2,
      20,
      2
    ],
    "scale_coeff": 0.01,
    "model_type": "QuanONet",
    "if_trainable_freq": true,
    "// \u8bad\u7ec3\u53c2\u6570": "",
    "learning_rate": 0.0001,
    "num_epochs": 2,
    "target_error": 0.0001,
    "batch_size": 100,
    "validation_split": 0,
    "patience": 20,
    "// \u7b97\u5b50\u7279\u5b9a\u53c2\u6570": "",
    "operator_type": "Diffusion",
    "custom_name": null,
    "custom_ode_description": "\u4ec5\u5f53operator_type=Custom\u65f6\u4f7f\u7528\uff0c\u901a\u8fc7\u547d\u4ee4\u884c--custom_ode\u6307\u5b9a"
  },
  "training_history": [
    {
      "epoch": 0,
      "train_loss": 1.2738872361183167
    }
  ]
}